,Brand,Model,Case Material,Strap Material,Movement Type,Water Resistance,Case Diameter (mm),Case Thickness (mm),Band Width (mm),Dial Color,Crystal Material,Complications,Power Reserve,Price (USD)
2,Tag Heuer,watchrera,Stainless Steel,Leather,Automatic,100,41.0,13.0,20.0,White,Sapphire,Chronograph,42.0,4200.0
3,Breitling,Navitimer,Stainless Steel,Stainless Steel,Automatic,30,43.0,14.25,22.0,Black,Sapphire,Chronograph,70.0,7900.0
5,Jaeger-LeCoultre,Reverso,Stainless Steel,Leather,Manual,30,42.9,9.2,20.0,Black,Sapphire,None,45.0,5500.0
6,Seiko,Prospex,Stainless Steel,Rubber,Automatic,200,44.3,12.9,20.0,Black,Sapphire,Date,50.0,1400.0
8,Tissot,Le Locle,Stainless Steel,Leather,Automatic,30,39.3,9.75,19.0,White,Sapphire,Date,38.0,650.0
9,Hamilton,Khaki Field,Stainless Steel,Leather,Automatic,100,38.0,9.8,20.0,Black,Sapphire,None,80.0,495.0
10,Longines,Master Collection,Stainless Steel,Leather,Automatic,30,38.5,9.7,20.0,Silver,Sapphire,Date,64.0,1150.0
11,Oris,Big Crown ProPilot,Stainless Steel,Textile,Automatic,100,41.0,12.0,20.0,Black,Sapphire,"Date, GMT",38.0,1800.0
12,Bell & Ross,Aviation,Stainless Steel,Rubber,Automatic,100,42.0,11.5,24.0,Black,Sapphire,Chronograph,42.0,4500.0
13,Sinn,104,Stainless Steel,Leather,Automatic,200,41.0,11.5,20.0,Black,Sapphire,Date,42.0,1400.0
14,Breguet,Classique,18k White Gold,Leather,Manual,30,38.0,8.65,20.0,Silver,Sapphire,None,40.0,16000.0
15,Audemars Piguet,Royal Oak,Stainless Steel,Stainless Steel,Automatic,50,41.0,9.8,20.0,Silver,Sapphire,Date,60.0,22000.0
16,Vacheron Constantin,Overseas,Stainless Steel,Rubber,Automatic,150,41.0,11.0,22.0,Blue,Sapphire,Date,40.0,19000.0
17,Omega,Speedmaster,Stainless Steel,Stainless Steel,Automatic,50,42.0,14.5,20.0,Black,Sapphire,"Chronograph, Tachymeter",60.0,4500.0
19,Panerai,Luminor Base Logo,Stainless Steel,Leather,Manual,100,44.0,10.5,22.0,Black,Sapphire,None,56.0,3900.0
20,Tudor,Black Bay,Stainless Steel,Leather,Automatic,200,41.0,11.9,22.0,Black,Sapphire,None,70.0,3500.0
21,Rolex,GMT-Master II,Stainless Steel,Stainless Steel,Automatic,100,40.0,12.5,20.0,Black,Sapphire,GMT,48.0,14000.0
22,IWC,Pilot's Watch,Stainless Steel,Leather,Automatic,60,41.0,12.5,20.0,Black,Sapphire,Date,42.0,4800.0
23,Jaeger-LeCoultre,Master Ultra Thin,Stainless Steel,Leather,Automatic,50,39.0,7.58,20.0,Silver,Sapphire,None,70.0,7500.0
25,Montblanc,1858 Geosphere,Stainless Steel,Leather,Automatic,100,42.0,11.2,22.0,Black,Sapphire,"World Time, GMT",42.0,6200.0
27,Audemars Piguet,Royal Oak,Stainless Steel,Stainless Steel,Automatic,50,41.0,10.4,20.0,Black,Sapphire,Date,60.0,21000.0
28,Rolex,Datejust,Stainless Steel,Jubilee,Automatic,100,36.0,12.0,20.0,Silver,Sapphire,Date,70.0,9000.0
29,Omega,Speedmaster Moonwatch,Stainless Steel,Stainless Steel,Manual,50,42.0,14.3,20.0,Black,Hesalite,"Chronograph, Tachymeter",48.0,5250.0
30,IWC,Portugieser,Stainless Steel,Alligator,Automatic,30,40.4,12.3,20.0,Silver,Sapphire,Date,60.0,8800.0
31,Audemars Piguet,Royal Oak,Stainless Steel,Stainless Steel,Automatic,50,41.0,10.4,20.0,Black,Sapphire,Date,60.0,17800.0
33,Zenith,El Primero,Stainless Steel,Alligator,Automatic,100,42.0,12.75,20.0,Silver,Sapphire,Chronograph,50.0,6500.0
34,Breguet,Classique,18K Rose Gold,Leather,Automatic,30,39.0,8.65,20.0,Silver,Sapphire,None,45.0,23500.0
35,Piaget,Polo S,Stainless Steel,Stainless Steel,Automatic,100,42.0,9.4,24.0,Blue,Sapphire,Date,50.0,10000.0
36,Ulysse Nardin,Marine,Stainless Steel,Rubber,Automatic,100,44.0,12.5,22.0,Blue,Sapphire,Date,60.0,9500.0
37,Vacheron Constantin,Overseas,Stainless Steel,Stainless Steel,Automatic,150,41.0,11.0,20.0,Silver,Sapphire,Date,60.0,21500.0
38,Jaquet Droz,Grande Seconde,Stainless Steel,Leather,Automatic,30,43.0,12.27,23.0,Black,Sapphire,None,68.0,9800.0
39,Audemars Piguet,Royal Oak,Stainless Steel,Stainless Steel,Automatic,50,41.0,10.4,20.0,Blue,Sapphire,Date,60.0,19900.0
41,Breguet,Type XXI,Stainless Steel,Leather,Automatic,100,42.0,13.85,22.0,Silver,Sapphire,Chronograph,48.0,9500.0
43,Chopard,Mille Miglia,Stainless Steel,Leather,Automatic,50,44.0,13.7,20.0,Black,Sapphire,Chronograph,42.0,6500.0
44,Girard-Perregaux,Laureato,Stainless Steel,Stainless Steel,Automatic,100,42.0,10.88,20.0,Blue,Sapphire,None,54.0,7800.0
45,Glashütte Original,Senator,Stainless Steel,Leather,Automatic,50,42.0,12.2,21.0,Silver,Sapphire,None,40.0,9200.0
46,Hublot,Classic Fusion,Titanium,Rubber,Automatic,50,42.0,9.3,20.0,Black,Sapphire,None,42.0,6500.0
47,IWC,Portugieser,Stainless Steel,Leather,Automatic,30,41.0,12.3,22.0,Silver,Sapphire,None,60.0,8400.0
48,Jaquet Droz,Grande Seconde,Stainless Steel,Leather,Automatic,30,43.0,12.13,23.0,Silver,Sapphire,None,68.0,6200.0
49,Longines,Master Collection,Stainless Steel,Leather,Automatic,30,38.5,9.3,20.0,Blue,Sapphire,Date,42.0,1600.0
50,Patek Philippe,Nautilus,Stainless Steel,Stainless Steel,Automatic,120,40.5,8.3,20.0,Blue,Sapphire,Date,45.0,29800.0
51,Audemars Piguet,Royal Oak,Stainless Steel,Stainless Steel,Automatic,50,41.0,9.8,20.0,Blue,Sapphire,Date,60.0,24500.0
52,IWC,Portugieser,Stainless Steel,Leather,Automatic,30,41.0,12.3,22.0,Silver,Sapphire,None,60.0,7950.0
53,Hublot,Classic Fusion,Titanium,Rubber,Automatic,50,42.0,10.5,22.0,Black,Sapphire,None,42.0,8200.0
55,Zenith,Chronomaster,Stainless Steel,Leather,Automatic,100,42.0,13.1,22.0,Silver,Sapphire,Chronograph,50.0,9400.0
56,Girard-Perregaux,Laureato,Stainless Steel,Stainless Steel,Automatic,100,38.0,10.88,25.0,Blue,Sapphire,None,54.0,6700.0
57,Chopard,Mille Miglia,Stainless Steel,Leather,Automatic,50,42.0,11.43,20.0,Black,Sapphire,Chronograph,42.0,6100.0
58,Vacheron Constantin,Overseas,Stainless Steel,Stainless Steel,Automatic,150,41.0,11.0,22.0,Blue,Sapphire,Date,60.0,16300.0
59,Montblanc,1858,Stainless Steel,Leather,Automatic,100,42.0,12.8,22.0,Black,Sapphire,None,38.0,3600.0
61,Rolex,Datejust,Stainless Steel,Stainless Steel,Automatic,100,41.0,11.2,20.0,Silver,Sapphire,Date,70.0,8900.0
62,Patek Philippe,Nautilus,Stainless Steel,Stainless Steel,Automatic,120,40.8,8.3,20.0,Blue,Sapphire,"Date, Moon Phase",48.0,44500.0
63,Audemars Piguet,Royal Oak,Stainless Steel,Stainless Steel,Automatic,50,41.0,10.4,20.0,Blue,Sapphire,Date,60.0,17000.0
64,Tudor,Black Bay,Stainless Steel,Fabric,Automatic,200,41.0,12.7,22.0,Black,Sapphire,None,70.0,4500.0
65,IWC,Portugieser,Stainless Steel,Leather,Automatic,30,41.0,12.3,22.0,Silver,Sapphire,"Chronograph, Date",46.0,8300.0
68,Hublot,Classic Fusion,Titanium,Rubber,Automatic,50,45.0,10.95,24.0,Blue,Sapphire,Date,42.0,7500.0
69,Zenith,Chronomaster,Stainless Steel,Leather,Automatic,50,42.0,14.05,22.0,Silver,Sapphire,"Chronograph, Date",50.0,6900.0
70,Vacheron Constantin,Overseas,Stainless Steel,Stainless Steel,Automatic,50,41.0,11.0,20.0,Blue,Sapphire,"Date, Second Time Zone",60.0,15500.0
71,Girard-Perregaux,Laureato,Stainless Steel,Stainless Steel,Automatic,100,42.0,10.88,22.0,Black,Sapphire,None,54.0,11200.0
72,Audemars Piguet,Royal Oak,Stainless Steel,Stainless Steel,Automatic,50,39.0,9.4,20.0,Blue,Sapphire,"Date, Power Reserve Indicator",60.0,18900.0
73,Patek Philippe,Nautilus,Stainless Steel,Stainless Steel,Automatic,120,40.5,8.3,20.0,Blue,Sapphire,Date,45.0,49800.0
74,IWC,Pilot's Watch,Stainless Steel,Leather,Automatic,60,41.0,12.5,20.0,Black,Sapphire,"Date, Chronograph",44.0,5500.0
76,Breguet,Type XX,Stainless Steel,Leather,Automatic,100,39.5,14.1,20.0,Black,Sapphire,"Date, Chronograph, Flyback",48.0,8800.0
78,Girard-Perregaux,Laureato,Stainless Steel,Stainless Steel,Automatic,100,42.0,10.88,22.0,Blue,Sapphire,Date,54.0,10600.0
79,Vacheron Constantin,Overseas,Stainless Steel,Stainless Steel,Automatic,150,41.0,11.0,20.0,Black,Sapphire,Date,60.0,19200.0
80,Zenith,El Primero,Stainless Steel,Leather,Automatic,100,38.0,12.15,19.0,Silver,Sapphire,Chronograph,50.0,7500.0
81,Chopard,Mille Miglia,Stainless Steel,Leather,Automatic,50,42.0,12.67,20.0,Black,Sapphire,Chronograph,48.0,5600.0
89,Tudor,Black Bay,Stainless Steel,Leather,Automatic,200,41.0,12.75,22.0,Black,Sapphire,Date,70.0,3500.0
90,Seiko,Prospex,Stainless Steel,Silicone,Automatic,200,42.3,13.4,22.0,Blue,Hardlex,None,50.0,650.0
92,Hamilton,Khaki Field Auto,Stainless Steel,Leather,Automatic,100,38.0,9.85,20.0,Black,Sapphire,None,80.0,545.0
94,Omega,Speedmaster,Stainless Steel,Stainless Steel,Manual,50,42.0,14.3,20.0,Black,Hesalite,"Chronograph, Tachymeter",48.0,5500.0
95,Breitling,Superocean Heritage,Stainless Steel,Rubber,Automatic,200,42.0,14.35,22.0,Black,Sapphire,Date,38.0,4800.0
96,Jaeger-LeCoultre,Master Control,Stainless Steel,Leather,Automatic,50,40.0,8.8,20.0,Silver,Sapphire,Date,70.0,6500.0
97,watchtier,Santos,Stainless Steel,Stainless Steel,Automatic,100,39.8,9.08,21.5,Silver,Sapphire,Date,42.0,7500.0
98,Zenith,Elite,Stainless Steel,Leather,Automatic,50,40.5,9.15,20.0,Silver,Sapphire,None,50.0,4500.0
99,Panerai,Luminor Base,Stainless Steel,Leather,Manual,100,44.0,10.5,24.0,Black,Sapphire,None,56.0,5800.0
100,Audemars Piguet,Royal Oak,Stainless Steel,Stainless Steel,Automatic,50,41.0,10.4,20.0,Silver,Sapphire,Date,60.0,21000.0
101,IWC,Pilot's Watch,Stainless Steel,Leather,Automatic,60,41.0,10.86,20.0,Black,Sapphire,Date,42.0,3800.0
102,Tudor,Black Bay,Stainless Steel,Leather,Automatic,200,41.0,12.7,22.0,Black,Sapphire,Date,70.0,3900.0
105,Patek Philippe,Nautilus,Stainless Steel,Stainless Steel,Automatic,120,40.8,8.3,20.0,Blue,Sapphire,"Date, Power Reserve, Moon Phase",45.0,38000.0
106,Audemars Piguet,Royal Oak,Rose Gold,Rose Gold,Automatic,50,41.0,9.8,20.0,Blue,Sapphire,Date,60.0,55000.0
107,Vacheron Constantin,Overseas,Stainless Steel,Stainless Steel,Automatic,150,41.0,11.0,22.0,Blue,Sapphire,"Date, Power Reserve",40.0,21000.0
108,A. Lange & Sohne,Saxonia,White Gold,Leather,Manual,30,38.5,7.8,18.0,Silver,Sapphire,None,45.0,23000.0
109,Breguet,Classique,Rose Gold,Leather,Manual,30,38.5,8.25,20.0,Silver,Sapphire,Power Reserve,65.0,23000.0
110,IWC,Portugieser,Stainless Steel,Leather,Automatic,30,41.0,12.3,22.0,Blue,Sapphire,None,60.0,8500.0
112,Hublot,Big Bang,Titanium,Rubber,Automatic,100,44.0,14.5,24.0,Blue,Sapphire,Chronograph,72.0,16000.0
114,Zenith,El Primero,Stainless Steel,Leather,Automatic,100,42.0,12.75,20.0,Silver,Sapphire,Chronograph,50.0,6000.0
115,Piaget,Altiplano,White Gold,Leather,Manual,30,38.0,6.1,20.0,Silver,Sapphire,None,43.0,16500.0
116,Seiko,Prospex,Stainless Steel,Silicone,Automatic,200,44.3,12.7,20.0,Blue,Sapphire,Day/Date,41.0,1200.0
117,Panerai,Luminor Due,Stainless Steel,Leather,Automatic,30,38.0,11.2,20.0,Black,Sapphire,None,72.0,6500.0
118,IWC,Portugieser,Stainless Steel,Leather,Automatic,30,41.0,12.3,22.0,Blue,Sapphire,"Chronograph, Moon Phase",46.0,9800.0
120,Audemars Piguet,Royal Oak,Stainless Steel,Stainless Steel,Automatic,50,41.0,9.5,20.0,Black,Sapphire,Date,60.0,19800.0
121,Patek Philippe,Nautilus,Stainless Steel,Stainless Steel,Automatic,120,40.8,8.3,20.0,Blue,Sapphire,Date,45.0,47000.0
122,Breguet,Classique,18K Rose Gold,Leather,Automatic,30,40.0,6.8,20.0,White,Sapphire,None,55.0,19000.0
123,Vacheron Constantin,Patrimony,18K White Gold,Leather,Manual,30,40.0,6.79,20.0,Silver,Sapphire,None,65.0,18500.0
124,Chopard,Mille Miglia,Stainless Steel,Leather,Automatic,50,44.0,14.97,22.0,Black,Sapphire,Chronograph,42.0,5800.0
126,Montblanc,1858,Stainless Steel,Leather,Manual,30,44.0,12.3,22.0,Black,Sapphire,None,50.0,3500.0
127,Rolex,GMT-Master II,Stainless Steel,Stainless Steel,Automatic,100,40.0,12.5,20.0,Black,Sapphire,"GMT, Date",70.0,9950.0
128,Omega,Speedmaster,Stainless Steel,Stainless Steel,Automatic,50,42.0,13.7,20.0,Black,Hesalite,Chronograph,48.0,4950.0
129,Patek Philippe,Nautilus,Stainless Steel,Stainless Steel,Automatic,120,40.8,8.3,20.0,Blue,Sapphire,Date,45.0,38000.0
130,Audemars Piguet,Royal Oak,Stainless Steel,Stainless Steel,Automatic,50,41.0,9.8,20.0,Blue,Sapphire,Date,60.0,22000.0
131,IWC,Portugieser,Stainless Steel,Leather,Automatic,30,41.0,12.3,22.0,Silver,Sapphire,None,46.0,7500.0
132,Jaeger-LeCoultre,Master Ultra Thin,Stainless Steel,Leather,Automatic,50,39.0,7.58,20.0,Silver,Sapphire,Date,70.0,8900.0
134,Breguet,Classique,Rose Gold,Leather,Manual,30,40.0,6.8,20.0,Silver,Sapphire,None,65.0,20500.0
136,Hublot,Big Bang,Ceramic,Rubber,Automatic,100,41.0,14.5,20.0,Black,Sapphire,Chronograph,72.0,16000.0
137,Zenith,El Primero,Stainless Steel,Leather,Automatic,100,38.0,12.75,20.0,White,Sapphire,Chronograph,50.0,5500.0
138,Rolex,Datejust,Stainless Steel,Stainless Steel,Automatic,100,41.0,11.8,20.0,Black,Sapphire,Date,70.0,8200.0
139,Omega,Speedmaster Moonwatch,Stainless Steel,Stainless Steel,Manual,50,42.0,13.2,20.0,Black,Hesalite,"Chronograph, Tachymeter",48.0,5500.0
142,Patek Philippe,Calatrava,Rose Gold,Leather,Manual,30,36.0,7.45,18.0,White,Sapphire,None,44.0,18000.0
143,Hublot,Big Bang,Titanium,Rubber,Automatic,100,42.0,14.5,24.0,Black,Sapphire,"Chronograph, Date",72.0,8900.0
145,Audemars Piguet,Royal Oak,Stainless Steel,Stainless Steel,Automatic,50,41.0,10.4,20.0,Blue,Sapphire,Date,60.0,26000.0
146,Zenith,El Primero,Stainless Steel,Leather,Automatic,100,42.0,12.75,22.0,Black,Sapphire,Chronograph,50.0,6500.0
147,IWC,Portugieser,Stainless Steel,Leather,Automatic,30,41.5,12.3,22.0,Silver,Sapphire,None,60.0,7800.0
148,Jaeger-LeCoultre,Master Ultra Thin,Stainless Steel,Leather,Automatic,50,38.0,7.58,20.0,Silver,Sapphire,None,70.0,4500.0
149,Patek Philippe,Nautilus,Stainless Steel,Stainless Steel,Automatic,120,40.5,8.3,22.0,Blue,Sapphire,Date,45.0,29800.0
150,Audemars Piguet,Royal Oak,Stainless Steel,Stainless Steel,Automatic,50,41.0,9.8,20.0,Black,Sapphire,Date,60.0,23100.0
152,Vacheron Constantin,Overseas,Stainless Steel,Rubber,Automatic,150,41.5,11.0,22.0,Blue,Sapphire,Date,40.0,18900.0
154,Hublot,Big Bang,Ceramic,Rubber,Automatic,100,44.0,14.5,26.0,Black,Sapphire,Chronograph,72.0,17900.0
155,Breguet,Classique,18k Rose Gold,Leather,Manual,30,39.0,8.65,20.0,Silver,Sapphire,None,40.0,15200.0
156,Ulysse Nardin,Marine,Stainless Steel,Leather,Automatic,100,42.2,14.2,22.0,Blue,Sapphire,Date,60.0,8400.0
157,Zenith,Defy,Titanium,Rubber,Automatic,100,41.0,10.75,22.0,Blue,Sapphire,Chronograph,50.0,9500.0
158,Girard-Perregaux,Laureato,Stainless Steel,Stainless Steel,Automatic,100,42.0,10.88,22.0,Silver,Sapphire,None,46.0,9200.0
159,Panerai,Luminor,Stainless Steel,Leather,Manual,100,44.0,13.05,24.0,Black,Sapphire,None,56.0,7500.0
160,Seiko,Prospex,Stainless Steel,Silicone,Automatic,200,43.0,13.2,22.0,Blue,Hardlex,Date,50.0,1300.0
161,Tissot,Le Locle,Stainless Steel,Leather,Automatic,30,39.3,9.75,20.0,Silver,Sapphire,Date,38.0,650.0
162,Longines,Master Collection,Stainless Steel,Leather,Automatic,30,40.0,10.25,20.0,Black,Sapphire,Date,64.0,2500.0
163,Hamilton,Jazzmaster,Stainless Steel,Leather,Automatic,50,40.0,11.15,20.0,Silver,Sapphire,Date,80.0,1150.0
164,Montblanc,Heritage,Stainless Steel,Leather,Automatic,50,40.0,9.85,20.0,Silver,Sapphire,Date,42.0,2750.0
166,Frederique Constant,Classics,Stainless Steel,Leather,Automatic,50,40.0,10.5,20.0,Silver,Sapphire,Date,38.0,1400.0
167,Zenith,Elite,Stainless Steel,Leather,Automatic,50,40.5,8.15,22.0,White,Sapphire,Date,50.0,5500.0
168,Girard-Perregaux,Laureato,Stainless Steel,Stainless Steel,Automatic,100,38.0,10.88,25.0,Black,Sapphire,Date,46.0,8700.0
169,Ulysse Nardin,Marine Torpilleur,Stainless Steel,Leather,Automatic,50,42.0,11.15,20.0,Blue,Sapphire,Date,60.0,7900.0
171,Rolex,Datejust,Stainless Steel,Jubilee,Automatic,100,36.0,12.5,20.0,Black,Sapphire,Date,70.0,8000.0
172,Omega,Speedmaster,Stainless Steel,Stainless Steel,Automatic,50,42.0,13.5,20.0,Black,Sapphire,Chronograph,60.0,6500.0
176,IWC,Portugieser,Stainless Steel,Leather,Automatic,30,41.0,12.3,22.0,Blue,Sapphire,Date,60.0,8900.0
178,Patek Philippe,Nautilus,Stainless Steel,Stainless Steel,Automatic,120,40.5,8.3,22.0,Blue,Sapphire,Date,45.0,34000.0
179,Jaeger-LeCoultre,Master Ultra Thin,Stainless Steel,Leather,Automatic,50,39.0,7.58,20.0,Silver,Sapphire,None,43.0,6800.0
180,Bell & Ross,BR V2-92,Stainless Steel,Rubber,Automatic,100,41.0,9.7,22.0,Black,Sapphire,Date,40.0,2500.0
181,Montblanc,1858,Bronze,Leather,Automatic,100,44.0,12.8,22.0,Black,Sapphire,None,42.0,5300.0
183,Audemars Piguet,Royal Oak,Stainless Steel,Stainless Steel,Automatic,50,41.0,9.8,20.0,Black,Sapphire,Date,60.0,22000.0
184,Vacheron Constantin,Overseas,Stainless Steel,Rubber,Automatic,150,41.0,11.0,21.0,Blue,Sapphire,Date,60.0,17500.0
185,IWC,Portugieser,Stainless Steel,Leather,Automatic,30,41.0,13.1,22.0,Silver,Sapphire,Date,60.0,8500.0
186,Hublot,Big Bang,Ceramic,Rubber,Automatic,100,44.5,14.5,22.0,Black,Sapphire,Chronograph,72.0,15000.0
187,Zenith,El Primero,Stainless Steel,Leather,Automatic,100,38.0,12.4,19.0,White,Sapphire,Chronograph,50.0,6000.0
188,Chopard,Mille Miglia,Stainless Steel,Leather,Automatic,50,42.0,12.67,20.0,Black,Sapphire,Chronograph,48.0,5000.0
190,Girard-Perregaux,Laureato,Stainless Steel,Stainless Steel,Automatic,100,42.0,10.88,22.0,Blue,Sapphire,Date,54.0,9000.0
192,Bulgari,Octo Finissimo,Titanium,Leather,Automatic,30,40.0,5.5,21.0,Black,Sapphire,None,55.0,10000.0
193,Tudor,Black Bay,Stainless Steel,Leather,Automatic,200,41.0,12.7,22.0,Black,Sapphire,Date,70.0,3800.0
195,Hublot,Big Bang,Titanium,Rubber,Automatic,100,44.0,14.5,25.0,Black,Sapphire,Chronograph,72.0,16800.0
196,IWC,Portugieser,Stainless Steel,Leather,Automatic,30,40.9,12.3,20.0,Silver,Sapphire,Date,44.0,6900.0
198,Vacheron Constantin,Overseas,Stainless Steel,Rubber,Automatic,150,41.5,11.0,21.0,Silver,Sapphire,Date,40.0,19500.0
199,Breguet,Classique,18k White Gold,Leather,Automatic,30,39.0,8.65,20.0,Silver,Sapphire,Date,55.0,24500.0
200,Piaget,Altiplano,18k Rose Gold,Leather,Manual,30,38.0,6.0,20.0,White,Sapphire,None,43.0,20800.0
202,Girard-Perregaux,Laureato,Stainless Steel,Stainless Steel,Automatic,100,41.0,10.88,22.0,Black,Sapphire,Date,46.0,9700.0
203,Zenith,Chronomaster,Stainless Steel,Leather,Automatic,50,42.0,14.05,22.0,Silver,Sapphire,Chronograph,50.0,7400.0
204,Breitling,Superocean Heritage II,Stainless Steel,Rubber,Automatic,200,44.0,14.2,22.0,Black,Sapphire,Date,70.0,4300.0
205,watchtier,Santos de watchtier,Stainless Steel,Stainless Steel,Automatic,100,39.8,9.08,20.0,Silver,Sapphire,Date,42.0,6500.0
206,Omega,Speedmaster,Stainless Steel,Leather,Manual,50,42.0,13.7,20.0,Black,Hesalite,Chronograph,48.0,5500.0
207,Rolex,GMT-Master II,Stainless Steel,Stainless Steel,Automatic,100,40.0,12.4,20.0,Black,Sapphire,"GMT, Date",70.0,9100.0
208,Jaeger-LeCoultre,Master Control,Stainless Steel,Leather,Automatic,50,40.0,8.8,20.0,Silver,Sapphire,Date,70.0,7500.0
209,Audemars Piguet,Royal Oak,Stainless Steel,Stainless Steel,Automatic,50,41.0,10.4,20.0,Blue,Sapphire,Date,60.0,20900.0
210,IWC,Pilot's Watch Mark XVIII,Stainless Steel,Leather,Automatic,60,40.0,10.8,20.0,Black,Sapphire,Date,42.0,4200.0
211,Patek Philippe,Calatrava,18k White Gold,Leather,Automatic,30,39.0,8.6,20.0,Silver,Sapphire,Date,48.0,22000.0
213,Tudor,Black Bay,Stainless Steel,Leather,Automatic,200,41.0,12.7,22.0,Black,Sapphire,Date,70.0,3600.0
214,Rolex,Datejust,Stainless Steel,Jubilee Bracelet,Automatic,100,36.0,12.5,20.0,Silver,Sapphire,Date,70.0,8900.0
215,Omega,Speedmaster,Stainless Steel,Stainless Steel,Automatic,50,42.0,13.5,20.0,Black,Sapphire,Chronograph,60.0,6800.0
217,Breitling,Superocean Heritage,Stainless Steel,Leather,Automatic,200,42.0,14.35,20.0,Black,Sapphire,Date,38.0,4400.0
219,Jaeger-LeCoultre,Master Control,Stainless Steel,Leather,Automatic,50,39.0,8.5,20.0,Silver,Sapphire,Date,70.0,7500.0
220,Tudor,Black Bay GMT,Stainless Steel,Stainless Steel,Automatic,200,41.0,14.5,22.0,Black,Sapphire,GMT,70.0,4500.0
221,Zenith,El Primero,Stainless Steel,Leather,Automatic,100,38.0,12.45,19.0,White,Sapphire,Chronograph,50.0,6900.0
223,Oris,Divers Sixty-Five,Stainless Steel,Leather,Automatic,100,40.0,12.9,20.0,Blue,Sapphire,Date,38.0,1500.0
224,Hamilton,Khaki Field,Stainless Steel,NATO Strap,Automatic,100,38.0,9.7,20.0,Black,Sapphire,None,80.0,595.0
226,IWC,Pilot's Watch,Stainless Steel,Leather,Automatic,60,41.0,15.3,22.0,Black,Sapphire,Date,72.0,5400.0
227,Patek Philippe,Calatrava,White Gold,Leather,Manual,30,37.0,7.7,20.0,White,Sapphire,None,44.0,25000.0
228,Hublot,Big Bang,watchbon Fiber,Rubber,Automatic,100,44.0,14.5,25.0,Black,Sapphire,Chronograph,72.0,15000.0
229,Zenith,Chronomaster,Stainless Steel,Leather,Automatic,50,38.0,12.6,20.0,Silver,Sapphire,Chronograph,50.0,7500.0
230,Audemars Piguet,Royal Oak,Stainless Steel,Stainless Steel,Automatic,50,41.0,9.8,20.0,Blue,Sapphire,Date,60.0,25000.0
231,Vacheron Constantin,Overseas,Stainless Steel,Stainless Steel,Automatic,50,41.0,11.0,22.0,Blue,Sapphire,Date,40.0,18000.0
232,Breguet,Classique,White Gold,Leather,Automatic,30,39.0,8.65,21.0,Silver,Sapphire,None,55.0,20000.0
233,Ulysse Nardin,Marine,Stainless Steel,Rubber,Automatic,100,42.0,12.8,22.0,Blue,Sapphire,Date,60.0,8500.0
235,Girard-Perregaux,Laureato,Stainless Steel,Stainless Steel,Automatic,100,42.0,10.88,22.0,Black,Sapphire,Date,54.0,9000.0
236,Patek Philippe,Nautilus,Stainless Steel,Stainless Steel,Automatic,120,40.8,8.3,21.0,Blue,Sapphire,Date,55.0,51000.0
238,IWC,Pilot's Watch,Stainless Steel,Leather,Automatic,60,46.2,15.0,20.0,Black,Sapphire,Chronograph,68.0,7500.0
240,Vacheron Constantin,Overseas,Stainless Steel,Stainless Steel,Automatic,150,41.0,11.0,22.0,Silver,Sapphire,Date,60.0,21500.0
241,Zenith,El Primero,Stainless Steel,Leather,Automatic,100,42.0,12.75,20.0,Black,Sapphire,Chronograph,50.0,7500.0
242,Hublot,Big Bang,Titanium,Rubber,Automatic,100,44.0,14.5,22.0,Black,Sapphire,Chronograph,72.0,15000.0
243,Breguet,Classique,18k Rose Gold,Leather,Automatic,30,39.0,10.2,22.0,Silver,Sapphire,None,40.0,18000.0
245,Girard-Perregaux,Laureato,Stainless Steel,Stainless Steel,Automatic,100,41.0,10.88,22.0,Blue,Sapphire,Date,54.0,11500.0
247,Tudor,Black Bay,Stainless Steel,Leather,Automatic,200,41.0,14.75,22.0,Black,Sapphire,None,70.0,3800.0
248,Panerai,Luminor,Stainless Steel,Leather,Manual,100,44.0,13.05,24.0,Black,Sapphire,None,56.0,6400.0
249,IWC,Portugieser,Stainless Steel,Leather,Automatic,30,41.0,12.3,22.0,Silver,Sapphire,Date,60.0,8900.0
250,Audemars Piguet,Royal Oak,Stainless Steel,Stainless Steel,Automatic,50,41.0,9.8,20.0,Blue,Sapphire,Date,60.0,20400.0
251,Vacheron Constantin,Overseas,Stainless Steel,Rubber,Automatic,150,41.0,11.0,21.0,Blue,Sapphire,Date,60.0,22000.0
252,Patek Philippe,Nautilus,Stainless Steel,Stainless Steel,Automatic,120,40.8,8.3,21.0,Blue,Sapphire,Date,45.0,62500.0
254,Chopard,Mille Miglia,Stainless Steel,Leather,Automatic,50,42.0,12.67,20.0,Silver,Sapphire,Chronograph,42.0,5900.0
255,Longines,Master Collection,Stainless Steel,Leather,Automatic,30,40.0,9.35,20.0,Silver,Sapphire,Date,64.0,1500.0
256,Montblanc,Heritage,Stainless Steel,Leather,Automatic,50,40.0,9.85,20.0,Black,Sapphire,Date,38.0,2700.0
257,Zenith,El Primero,Stainless Steel,Leather,Automatic,100,42.0,12.75,20.0,Black,Sapphire,Chronograph,50.0,6500.0
258,Rolex,Datejust,Stainless Steel,Stainless Steel,Automatic,100,41.0,11.8,21.0,Blue,Sapphire,Date,70.0,7800.0
259,Omega,Speedmaster,Stainless Steel,Stainless Steel,Automatic,50,42.0,13.75,20.0,Black,Sapphire,"Chronograph, Date",48.0,5300.0
260,Tag Heuer,Monaco,Stainless Steel,Leather,Automatic,100,39.0,14.5,22.0,Blue,Sapphire,Chronograph,42.0,5900.0
262,watchtier,Ballon Bleu,Stainless Steel,Stainless Steel,Automatic,30,42.0,13.0,22.0,Silver,Sapphire,Date,42.0,7500.0
263,Jaeger-LeCoultre,Master Ultra Thin,Stainless Steel,Leather,Automatic,50,39.0,7.5,20.0,White,Sapphire,Date,38.0,6200.0
264,Rolex,GMT-Master II,Stainless Steel,Stainless Steel,Automatic,100,40.0,12.5,20.0,Black,Sapphire,"GMT, Date",70.0,9500.0
265,Omega,Aqua Terra,Stainless Steel,Stainless Steel,Automatic,150,41.5,13.0,20.0,Silver,Sapphire,Date,60.0,4700.0
268,watchtier,Santos,Stainless Steel,Leather,Automatic,100,35.1,8.83,22.0,Silver,Sapphire,Date,42.0,5300.0
269,Rolex,Daytona,Yellow Gold,Leather,Automatic,100,40.0,12.4,20.0,Ivory,Sapphire,Chronograph,72.0,39500.0
270,Omega,Speedmaster,Stainless Steel,Stainless Steel,Manual,50,42.0,14.3,20.0,Black,Sapphire,Chronograph,48.0,5400.0
271,TAG Heuer,Monaco,Stainless Steel,Leather,Automatic,100,39.0,14.0,22.0,Blue,Sapphire,Chronograph,42.0,6550.0
274,Patek Philippe,Calatrava,White Gold,Leather,Automatic,30,39.0,8.25,20.0,Silver,Sapphire,None,48.0,25800.0
275,Tudor,Black Bay,Stainless Steel,Fabric,Automatic,200,41.0,11.9,22.0,Black,Sapphire,Date,70.0,4100.0
277,IWC,Portugieser,Stainless Steel,Leather,Automatic,30,41.0,12.3,22.0,Blue,Sapphire,None,60.0,6900.0
278,Vacheron Constantin,Overseas,Stainless Steel,Rubber,Automatic,150,41.0,11.0,22.0,Blue,Sapphire,Date,40.0,19800.0
279,Rolex,Datejust,Stainless Steel,Stainless Steel,Automatic,100,36.0,12.0,20.0,Black,Sapphire,Date,70.0,8100.0
280,Rolex,Datejust,Stainless Steel,Stainless Steel,Automatic,100,36.0,12.5,20.0,Black,Sapphire,Date,70.0,6500.0
281,Omega,Speedmaster Moonwatch,Stainless Steel,Stainless Steel,Manual,50,42.0,14.3,20.0,Black,Hesalite,Chronograph,48.0,5400.0
282,Patek Philippe,Nautilus,Stainless Steel,Stainless Steel,Automatic,120,40.5,8.3,20.0,Blue,Sapphire,Date,55.0,44000.0
284,Hublot,Classic Fusion,18k King Gold,Rubber,Automatic,50,42.0,10.5,22.0,Blue,Sapphire,None,42.0,20200.0
285,Audemars Piguet,Royal Oak,Stainless Steel,Stainless Steel,Automatic,50,41.0,10.4,20.0,Blue,Sapphire,Date,60.0,24800.0
286,IWC,Pilot's Watch,Stainless Steel,Leather,Automatic,60,41.0,12.8,22.0,Black,Sapphire,Date,42.0,4800.0
287,Tudor,Black Bay GMT,Stainless Steel,Stainless Steel,Automatic,200,41.0,14.5,22.0,Black,Sapphire,GMT,70.0,4000.0
288,Breguet,Classique,18k White Gold,Leather,Manual,30,40.0,6.95,20.0,White,Sapphire,None,65.0,22500.0
290,Chopard,Mille Miglia,Stainless Steel,Leather,Automatic,50,42.0,12.67,22.0,Black,Sapphire,Chronograph,42.0,6900.0
291,Panerai,Luminor,Titanium,Leather,Automatic,100,44.0,15.65,24.0,Black,Sapphire,None,72.0,7500.0
292,Audemars Piguet,Royal Oak,Stainless Steel,Stainless Steel,Automatic,50,41.0,10.4,20.0,Blue,Sapphire,"Date, Stopwatch",60.0,25000.0
293,Patek Philippe,Nautilus,Stainless Steel,Stainless Steel,Automatic,120,40.5,8.3,22.0,Blue,Sapphire,"Date, Moon Phase",45.0,70000.0
294,IWC,Pilot's Watch,Stainless Steel,Leather,Automatic,60,41.0,10.8,20.0,Black,Sapphire,"Date, Stopwatch",42.0,5500.0
296,Ulysse Nardin,Marine,Stainless Steel,Rubber,Automatic,100,44.0,14.4,22.0,Blue,Sapphire,"Date, Power Reserve",60.0,7500.0
297,Breguet,Classique,Rose Gold,Leather,Automatic,30,38.0,8.25,20.0,Silver,Sapphire,None,45.0,20000.0
298,Girard-Perregaux,Laureato,Stainless Steel,Stainless Steel,Automatic,100,38.0,10.88,22.0,Black,Sapphire,None,46.0,8500.0
299,Hublot,Big Bang,Ceramic,Rubber,Automatic,100,42.0,14.1,24.0,Black,Sapphire,"Date, Chronograph",42.0,12000.0
300,Zenith,Chronomaster,Stainless Steel,Leather,Automatic,100,42.0,14.05,20.0,Silver,Sapphire,"Date, Chronograph",50.0,6000.0
301,Vacheron Constantin,Overseas,Stainless Steel,Rubber,Automatic,150,41.0,11.0,22.0,Blue,Sapphire,Date,40.0,12000.0
302,Audemars Piguet,Royal Oak,Stainless Steel,Stainless Steel,Automatic,50,41.0,10.4,20.0,Black,Sapphire,Date,60.0,22000.0
303,Hublot,Classic Fusion,Titanium,Rubber,Automatic,50,42.0,10.5,22.0,Blue,Sapphire,Date,42.0,8500.0
305,Breguet,Classique,18K White Gold,Leather,Manual,30,40.0,6.1,20.0,Silver,Sapphire,None,65.0,16000.0
307,Ulysse Nardin,Marine,Stainless Steel,Rubber,Automatic,100,42.2,12.6,22.0,Blue,Sapphire,Date,60.0,8900.0
308,IWC,Portugieser Chronograph,Stainless Steel,Leather,Automatic,30,41.0,13.1,20.0,White,Sapphire,Chronograph,46.0,7600.0
309,Patek Philippe,Nautilus,Stainless Steel,Stainless Steel,Automatic,120,40.8,8.3,20.0,Blue,Sapphire,Date,45.0,57000.0
310,Montblanc,1858 Geosphere,Titanium,Leather,Automatic,100,42.0,12.8,22.0,Black,Sapphire,GMT,42.0,6500.0
311,Vacheron Constantin,Overseas,Stainless Steel,Stainless Steel,Automatic,150,41.5,11.0,22.0,Blue,Sapphire,Date,60.0,21000.0
312,Zenith,Chronomaster El Primero,Stainless Steel,Leather,Automatic,100,38.0,12.45,20.0,Silver,Sapphire,Chronograph,50.0,6000.0
313,Rolex,Daytona,18k Yellow Gold,Leather,Automatic,100,40.0,12.4,20.0,Champagne,Sapphire,Chronograph,72.0,29500.0
314,Audemars Piguet,Royal Oak,Rose Gold,Rose Gold,Automatic,50,37.0,9.8,18.0,Blue,Sapphire,None,60.0,36500.0
315,Patek Philippe,Nautilus,Stainless Steel,Stainless Steel,Automatic,120,40.5,8.3,22.0,Blue,Sapphire,Date,45.0,51000.0
316,IWC,Portuguese,Stainless Steel,Leather,Automatic,30,42.3,14.2,22.0,White,Sapphire,Date,60.0,8800.0
318,Hublot,Big Bang,watchbon Fiber,Rubber,Automatic,100,44.0,14.5,22.0,Black,Sapphire,Chronograph,72.0,19500.0
319,Ulysse Nardin,Marine,Stainless Steel,Rubber,Automatic,100,43.0,12.6,22.0,Blue,Sapphire,Date,60.0,7000.0
320,Breguet,Classique,18k White Gold,Leather,Manual,30,38.0,7.45,20.0,Silver,Sapphire,None,65.0,23000.0
321,Girard-Perregaux,Laureato,Stainless Steel,Stainless Steel,Automatic,100,42.0,10.88,25.0,Black,Sapphire,Date,46.0,9500.0
322,Piaget,Altiplano,18k White Gold,Leather,Manual,30,40.0,6.36,20.0,Silver,Sapphire,None,43.0,18500.0
323,Vacheron Constantin,Patrimony,18k Rose Gold,Leather,Manual,30,42.0,7.65,20.0,Silver,Sapphire,None,65.0,22500.0
325,IWC,Portugieser,Stainless Steel,Leather,Automatic,30,41.0,12.3,22.0,Blue,Sapphire,Date,60.0,6500.0
326,Audemars Piguet,Royal Oak,Stainless Steel,Stainless Steel,Automatic,50,41.0,9.8,20.0,Blue,Sapphire,Date,60.0,20000.0
327,Hublot,Big Bang,watchbon Fiber,Rubber,Automatic,100,44.0,14.5,26.0,Black,Sapphire,Chronograph,72.0,12000.0
328,Girard-Perregaux,Laureato,Stainless Steel,Stainless Steel,Automatic,100,42.0,10.88,22.0,Blue,Sapphire,Date,54.0,6500.0
329,Chopard,Mille Miglia,Stainless Steel,Leather,Automatic,50,42.0,11.43,22.0,Black,Sapphire,Chronograph,48.0,6200.0
330,Vacheron Constantin,Overseas,Stainless Steel,Stainless Steel,Automatic,150,41.0,11.0,22.0,Blue,Sapphire,Date,60.0,15000.0
331,Piaget,Altiplano,White Gold,Leather,Manual,30,40.0,6.36,20.0,Silver,Sapphire,None,44.0,22000.0
332,Zenith,El Primero,Stainless Steel,Leather,Automatic,100,42.0,12.75,22.0,Black,Sapphire,Chronograph,50.0,5500.0
333,Breguet,Classique,White Gold,Leather,Automatic,30,39.0,10.2,22.0,Silver,Sapphire,None,45.0,19000.0
334,Tudor,Black Bay,Stainless Steel,Leather,Automatic,200,41.0,12.7,22.0,Black,Sapphire,None,70.0,3500.0
335,Rolex,Datejust,Stainless Steel,Stainless Steel,Automatic,100,36.0,12.5,20.0,Blue,Sapphire,"Date, Cyclops",70.0,7400.0
336,Omega,Speedmaster,Stainless Steel,Stainless Steel,Automatic,50,42.0,14.3,20.0,Black,Hesalite,Chronograph,48.0,5000.0
337,watchtier,Santos,Stainless Steel,Stainless Steel,Automatic,100,39.8,9.08,20.0,Silver,Sapphire,Date,42.0,6200.0
342,Zenith,Elite Classic,Stainless Steel,Leather,Automatic,50,39.0,8.15,20.0,Silver,Sapphire,Date,50.0,4900.0
343,Longines,Conquest Classic,Stainless Steel,Leather,Automatic,50,40.0,10.75,20.0,Silver,Sapphire,Date,54.0,1850.0
344,Montblanc,Star Legacy,Stainless Steel,Leather,Automatic,50,42.0,11.4,22.0,White,Sapphire,"Date, Moonphase",42.0,3900.0
346,Rolex,Datejust,Stainless Steel,Jubilee Bracelet,Automatic,100,41.0,11.8,20.0,Blue,Sapphire,Date,70.0,9500.0
347,Omega,Speedmaster Moonwatch,Stainless Steel,Stainless Steel,Manual,50,42.0,13.75,20.0,Black,Hesalite,"Chronograph, Tachymeter",48.0,5350.0
348,Breitling,Superocean Heritage,Stainless Steel,Stainless Steel,Automatic,200,44.0,14.2,22.0,Blue,Sapphire,Date,38.0,3250.0
350,Tag Heuer,Monaco,Stainless Steel,Leather,Automatic,100,39.0,14.0,22.0,Blue,Sapphire,Chronograph,40.0,4950.0
351,Jaeger-LeCoultre,Master Control,Stainless Steel,Leather,Automatic,50,40.0,8.5,20.0,Silver,Sapphire,"Date, Moonphase",70.0,6500.0
353,Audemars Piguet,Royal Oak,Stainless Steel,Stainless Steel,Automatic,50,41.0,10.4,20.0,Blue,Sapphire,Date,60.0,27000.0
354,IWC,Portugieser,Stainless Steel,Leather,Automatic,30,40.4,12.3,20.0,Silver,Sapphire,Chronograph,46.0,7250.0
355,Patek Philippe,Calatrava,18K White Gold,Leather,Manual,30,38.0,8.25,20.0,White,Sapphire,None,44.0,25000.0
356,Bell & Ross,BR 03-92,Ceramic,Rubber,Automatic,100,42.0,9.8,24.0,Black,Sapphire,None,40.0,3800.0
357,Rolex,Datejust,Stainless Steel,Stainless Steel,Automatic,100,36.0,12.5,20.0,Silver,Sapphire,"Date, Cyclops Lens",70.0,8000.0
358,Omega,Speedmaster,Stainless Steel,Stainless Steel,Manual,50,42.0,14.3,20.0,Black,Hesalite,"Chronograph, Tachymeter",48.0,4500.0
359,Patek Philippe,Nautilus,Stainless Steel,Stainless Steel,Automatic,120,40.8,8.3,20.0,Blue,Sapphire,Date,45.0,52000.0
360,Audemars Piguet,Royal Oak,Stainless Steel,Stainless Steel,Automatic,50,41.0,10.4,20.0,Blue,Sapphire,Date,60.0,28500.0
361,IWC,Pilot's Watch Mark,Stainless Steel,Leather,Automatic,60,41.0,12.5,20.0,Black,Sapphire,"Date, Chronograph",44.0,6800.0
362,Hublot,Big Bang,Ceramic,Rubber,Automatic,100,42.0,14.1,24.0,Black,Sapphire,Chronograph,72.0,16000.0
364,Breguet,Classique,18K White Gold,Leather,Automatic,30,39.0,8.65,20.0,Silver,Sapphire,None,40.0,19000.0
366,Girard-Perregaux,Laureato,Stainless Steel,Stainless Steel,Automatic,100,42.0,10.88,25.0,Black,Sapphire,Date,46.0,8000.0
367,Jaquet Droz,Grande Seconde,Stainless Steel,Leather,Automatic,30,43.0,12.48,23.0,Silver,Sapphire,None,68.0,10000.0
368,Rolex,GMT-Master II,Stainless Steel,Stainless Steel,Automatic,100,40.0,12.5,20.0,Black,Sapphire,"Date, GMT",70.0,9700.0
369,Patek Philippe,Nautilus,Stainless Steel,Stainless Steel,Automatic,120,40.5,8.3,21.0,Blue,Sapphire,Date,45.0,29800.0
370,Omega,Speedmaster,Stainless Steel,Stainless Steel,Manual,50,42.0,14.3,20.0,Black,Hesalite,Chronograph,48.0,5350.0
371,Audemars Piguet,Royal Oak,Stainless Steel,Stainless Steel,Automatic,50,41.0,9.8,20.0,Blue,Sapphire,Date,60.0,18500.0
372,IWC,Pilot's Watch,Stainless Steel,Leather,Automatic,60,43.0,15.0,22.0,Black,Sapphire,Date,72.0,4950.0
373,Zenith,El Primero,Stainless Steel,Leather,Automatic,100,42.0,12.75,20.0,White,Sapphire,"Chronograph, Date",50.0,7900.0
375,Hublot,Big Bang,Titanium,Rubber,Automatic,100,44.0,14.5,24.0,Black,Sapphire,"Chronograph, Date",72.0,16000.0
376,Girard-Perregaux,Laureato,Stainless Steel,Stainless Steel,Automatic,100,42.0,10.88,22.0,Blue,Sapphire,Date,54.0,12800.0
377,Jaeger-LeCoultre,Master Control,Stainless Steel,Leather,Automatic,50,40.0,8.78,20.0,Silver,Sapphire,"Date, Power Reserve Indicator",70.0,8500.0
378,IWC,Portugieser,Stainless Steel,Leather,Automatic,30,41.0,12.3,22.0,Blue,Sapphire,"Date, Power Reserve Indicator",42.0,8500.0
380,Patek Philippe,Nautilus,Stainless Steel,Stainless Steel,Automatic,120,40.5,8.3,20.0,Blue,Sapphire,Date,45.0,39000.0
381,Audemars Piguet,Royal Oak,Stainless Steel,Stainless Steel,Automatic,50,37.0,9.8,20.0,Blue,Sapphire,Date,40.0,19500.0
382,Hublot,Big Bang,Titanium,Rubber,Automatic,100,44.0,14.5,24.0,Black,Sapphire,"Date, Chronograph",72.0,13000.0
383,Zenith,El Primero,Stainless Steel,Leather,Automatic,100,42.0,12.75,20.0,White,Sapphire,"Date, Chronograph, Moon Phase",50.0,7500.0
384,Vacheron Constantin,Overseas,Stainless Steel,Stainless Steel,Automatic,150,41.0,11.0,22.0,Blue,Sapphire,"Date, World Time",60.0,23000.0
385,Breguet,Classique,18K White Gold,Leather,Manual,30,40.0,6.95,20.0,Silver,Sapphire,None,50.0,24000.0
387,Chopard,Mille Miglia,Stainless Steel,Leather,Automatic,50,44.0,14.45,22.0,Black,Sapphire,"Date, Chronograph",42.0,6000.0
388,Rolex,Datejust,Stainless Steel,Stainless Steel,Automatic,100,36.0,12.0,20.0,Silver,Sapphire,Date,70.0,7500.0
389,Omega,Speedmaster,Stainless Steel,Stainless Steel,Automatic,50,42.0,13.7,20.0,Black,Sapphire,"Chronograph, Tachymeter",60.0,6500.0
391,Breitling,Superocean,Stainless Steel,Rubber,Automatic,200,44.0,14.2,22.0,Black,Sapphire,Date,42.0,4500.0
393,Jaeger-LeCoultre,Master Control,Stainless Steel,Leather,Automatic,50,40.0,8.8,20.0,Silver,Sapphire,"Date, Power Reserve",70.0,6000.0
394,Rolex,GMT-Master II,Stainless Steel,Stainless Steel,Automatic,100,40.0,12.5,20.0,Black,Sapphire,Dual Time Zone,70.0,9500.0
395,Omega,Constellation,Stainless Steel,Stainless Steel,Automatic,100,39.0,10.6,20.0,Black,Sapphire,Date,50.0,4800.0
396,Tag Heuer,Monaco,Stainless Steel,Leather,Automatic,100,39.0,14.5,22.0,Blue,Sapphire,Chronograph,40.0,5200.0
397,Breitling,Chronomat,Stainless Steel,Stainless Steel,Automatic,200,44.0,16.95,22.0,Blue,Sapphire,"Chronograph, Date",70.0,6900.0
398,watchtier,Santos,Stainless Steel,Stainless Steel,Automatic,100,35.1,8.83,18.0,Silver,Sapphire,Date,42.0,5500.0
399,Rolex,Datejust,Stainless Steel,Stainless Steel,Automatic,100,41.0,11.7,20.0,White,Sapphire,Date,70.0,8000.0
400,Patek Philippe,Nautilus,Stainless Steel,Stainless Steel,Automatic,120,40.5,8.3,21.0,Blue,Sapphire,Date,45.0,40000.0
401,Audemars Piguet,Royal Oak,Stainless Steel,Stainless Steel,Automatic,50,37.0,9.0,16.0,Blue,Sapphire,Date,60.0,18000.0
402,IWC,Portugieser,Stainless Steel,Leather,Automatic,30,40.4,12.3,22.0,White,Sapphire,Date,60.0,7500.0
403,Hublot,Big Bang,Titanium,Rubber,Automatic,100,44.0,14.5,25.0,Black,Sapphire,Chronograph,72.0,14000.0
405,Breguet,Classique,Rose Gold,Leather,Manual,30,40.0,6.8,20.0,Silver,Sapphire,None,55.0,25000.0
406,Jaeger-LeCoultre,Master Ultra Thin,Stainless Steel,Leather,Automatic,50,39.0,7.8,20.0,Silver,Sapphire,None,70.0,6500.0
407,Zenith,El Primero,Stainless Steel,Stainless Steel,Automatic,100,42.0,12.75,20.0,Blue,Sapphire,Chronograph,50.0,7000.0
410,Rolex,GMT-Master II,Stainless Steel,Stainless Steel,Automatic,100,40.0,12.1,20.0,Black,Sapphire,"GMT, Date",70.0,9450.0
411,Patek Philippe,Nautilus,Stainless Steel,Stainless Steel,Automatic,120,40.8,8.3,21.0,Blue,Sapphire,Date,55.0,29800.0
412,Audemars Piguet,Royal Oak,Stainless Steel,Stainless Steel,Automatic,50,41.0,9.8,20.0,Blue,Sapphire,"Date, Chronograph",50.0,22300.0
413,Hublot,Classic Fusion,Titanium,Rubber,Automatic,50,42.0,10.6,22.0,Black,Sapphire,Date,42.0,8100.0
414,IWC,Pilot's Watch Mark XVIII,Stainless Steel,Leather,Automatic,60,40.0,10.8,20.0,Black,Sapphire,Date,42.0,3900.0
415,A. Lange & Söhne,Saxonia,Rose Gold,Leather,Manual,30,38.5,7.8,18.0,Silver,Sapphire,None,72.0,23300.0
416,Breguet,Classique,Rose Gold,Leather,Automatic,30,39.0,8.65,20.0,Silver,Sapphire,Date,65.0,23200.0
417,Chopard,Mille Miglia,Stainless Steel,Leather,Automatic,50,44.0,14.4,22.0,Black,Sapphire,"Date, Chronograph, Tachymeter",42.0,6300.0
418,Zenith,El Primero,Stainless Steel,Leather,Automatic,100,38.0,12.45,20.0,White,Sapphire,"Date, Chronograph",50.0,5600.0
419,Panerai,Luminor,Titanium,Leather,Manual,100,44.0,13.05,24.0,Black,Sapphire,None,56.0,6900.0
420,Rolex,Daytona,Stainless Steel,Stainless Steel,Automatic,100,40.0,12.4,20.0,White,Sapphire,Chronograph,72.0,13500.0
421,Omega,Speedmaster,Stainless Steel,Stainless Steel,Manual,50,42.0,14.3,20.0,Black,Hesalite,Chronograph,48.0,4500.0
422,watchtier,Santos,Stainless Steel,Leather,Automatic,100,39.8,9.08,20.0,Silver,Sapphire,Date,42.0,6600.0
425,Jaeger-LeCoultre,Master Ultra Thin,Stainless Steel,Leather,Automatic,50,40.0,7.45,20.0,Silver,Sapphire,None,43.0,6300.0
426,Patek Philippe,Calatrava,18k Rose Gold,Leather,Manual,30,38.0,7.68,19.0,White,Sapphire,None,44.0,22900.0
427,Audemars Piguet,Royal Oak,Stainless Steel,Stainless Steel,Automatic,50,41.0,9.8,20.0,Black,Sapphire,Date,60.0,22500.0
428,Zenith,El Primero,Stainless Steel,Stainless Steel,Automatic,100,42.0,12.75,20.0,Blue,Sapphire,Chronograph,50.0,6900.0
429,Vacheron Constantin,Overseas,Stainless Steel,Stainless Steel,Automatic,150,41.0,11.0,20.0,Black,Sapphire,"Date, World Time",60.0,20200.0
430,IWC,Portugieser,Stainless Steel,Leather,Automatic,30,40.4,12.6,20.0,Silver,Sapphire,None,44.0,7600.0
432,Patek Philippe,Nautilus,Stainless Steel,Stainless Steel,Automatic,120,40.5,8.3,21.0,Blue,Sapphire,Date,45.0,34000.0
435,Hublot,Big Bang,Ceramic,Rubber,Automatic,100,41.0,14.6,20.0,Black,Sapphire,Chronograph,42.0,14000.0
436,Breguet,Classique,18k Rose Gold,Leather,Manual,30,39.0,10.2,22.0,Silver,Sapphire,None,40.0,26000.0
437,Zenith,El Primero,Stainless Steel,Leather,Automatic,100,38.0,12.5,20.0,Silver,Sapphire,Chronograph,50.0,7000.0
439,Girard-Perregaux,Laureato,Stainless Steel,Stainless Steel,Automatic,100,42.0,10.88,22.0,Blue,Sapphire,Date,54.0,11500.0
440,Ulysse Nardin,Marine,Stainless Steel,Leather,Automatic,100,42.2,12.6,20.0,Blue,Sapphire,Date,60.0,7500.0
441,Vacheron Constantin,Overseas,Stainless Steel,Stainless Steel,Automatic,150,41.5,11.0,22.0,Silver,Sapphire,Date,60.0,20000.0
442,Patek Philippe,Nautilus,Stainless Steel,Stainless Steel,Automatic,120,40.0,8.3,20.0,Blue,Sapphire,Date,45.0,26000.0
443,Audemars Piguet,Royal Oak,Stainless Steel,Stainless Steel,Automatic,50,41.0,10.4,20.0,Grey,Sapphire,Date,60.0,17000.0
444,IWC,Portugieser,Stainless Steel,Leather,Automatic,30,42.3,14.2,22.0,White,Sapphire,Chronograph,46.0,7800.0
445,A. Lange & Söhne,Saxonia,18k Rose Gold,Leather,Manual,30,37.0,7.5,18.0,Silver,Sapphire,None,45.0,17500.0
446,Vacheron Constantin,Overseas,Stainless Steel,Rubber,Automatic,150,42.5,13.7,22.0,Blue,Sapphire,Date,40.0,20000.0
447,Girard-Perregaux,Laureato,Stainless Steel,Stainless Steel,Automatic,100,41.0,10.88,26.0,Black,Sapphire,Chronograph,46.0,12000.0
448,Zenith,El Primero,Stainless Steel,Leather,Automatic,100,42.0,12.75,22.0,Silver,Sapphire,Chronograph,50.0,7500.0
450,Hublot,Classic Fusion,Titanium,Rubber,Automatic,50,45.0,10.95,22.0,Blue,Sapphire,None,42.0,9500.0
451,Breguet,Classique,18k White Gold,Leather,Manual,30,38.0,8.25,20.0,Silver,Sapphire,None,40.0,22000.0
452,Piaget,Polo,Stainless Steel,Stainless Steel,Automatic,100,42.0,9.4,22.0,Blue,Sapphire,Date,44.0,10500.0
453,Patek Philippe,Nautilus,Stainless Steel,Stainless Steel,Automatic,120,40.5,8.3,22.0,Blue,Sapphire,Date,45.0,29000.0
454,Audemars Piguet,Royal Oak,Rose Gold,Leather,Automatic,50,37.0,9.8,20.0,Black,Sapphire,Date,60.0,38500.0
455,Hublot,Classic Fusion,Titanium,Rubber,Automatic,50,42.0,9.85,22.0,Blue,Sapphire,None,42.0,7500.0
456,Breguet,Classique,Rose Gold,Leather,Automatic,30,39.0,10.2,20.0,Silver,Sapphire,None,65.0,25000.0
457,IWC,Pilot's Watch,Stainless Steel,Leather,Automatic,60,41.0,15.3,20.0,Black,Sapphire,Date,42.0,5900.0
459,Zenith,El Primero,Stainless Steel,Leather,Automatic,100,38.0,12.45,20.0,Silver,Sapphire,Chronograph,50.0,6200.0
460,Chopard,Mille Miglia,Stainless Steel,Rubber,Automatic,50,42.0,13.07,20.0,Black,Sapphire,Chronograph,48.0,6800.0
461,Vacheron Constantin,Patrimony,White Gold,Leather,Manual,30,40.0,6.79,20.0,Silver,Sapphire,None,65.0,28000.0
463,Tudor,Black Bay,Stainless Steel,NATO Strap,Automatic,200,41.0,11.9,22.0,Black,Sapphire,None,70.0,3500.0
465,IWC,Portugieser,Stainless Steel,Leather,Automatic,30,41.0,12.3,22.0,Blue,Sapphire,None,60.0,7900.0
466,Patek Philippe,Nautilus,Stainless Steel,Stainless Steel,Automatic,120,40.0,8.3,22.0,Blue,Sapphire,Date,45.0,36000.0
469,Breguet,Classique,18K Yellow Gold,Leather,Automatic,30,39.0,10.2,20.0,Silver,Sapphire,Date,38.0,26000.0
470,Zenith,Chronomaster,Stainless Steel,Leather,Automatic,50,42.0,13.5,22.0,Blue,Sapphire,Chronograph,50.0,6500.0
471,Girard-Perregaux,Laureato,Stainless Steel,Stainless Steel,Automatic,100,38.0,10.88,20.0,Blue,Sapphire,Date,54.0,12000.0
472,Hublot,Big Bang,Titanium,Rubber,Automatic,100,44.0,14.5,24.0,Black,Sapphire,Chronograph,72.0,18500.0
473,Jaquet Droz,Grande Seconde,Stainless Steel,Leather,Automatic,30,43.0,11.48,23.0,Black,Sapphire,None,68.0,9500.0
474,Montblanc,Star Legacy,Stainless Steel,Leather,Automatic,50,39.0,9.9,19.0,Silver,Sapphire,Date,42.0,3500.0
475,Rolex,GMT-Master II,Stainless Steel,Stainless Steel,Automatic,100,40.0,12.5,20.0,Black,Sapphire,"GMT, Date",70.0,9900.0
476,Omega,Speedmaster,Stainless Steel,Stainless Steel,Manual,50,42.0,14.3,20.0,Black,Hesalite,Chronograph,48.0,4300.0
477,IWC,Portugieser,Stainless Steel,Leather,Automatic,30,40.4,12.3,20.0,White,Sapphire,None,60.0,7500.0
478,Hublot,Big Bang,Ceramic,Rubber,Automatic,100,44.0,14.5,24.0,Black,Sapphire,Chronograph,72.0,15500.0
480,Patek Philippe,Calatrava,White Gold,Leather,Automatic,30,37.0,8.5,18.0,White,Sapphire,Date,45.0,25000.0
481,Audemars Piguet,Royal Oak,Stainless Steel,Stainless Steel,Automatic,50,41.0,10.4,20.0,Blue,Sapphire,Date,60.0,19500.0
482,Vacheron Constantin,Patrimony,Rose Gold,Leather,Automatic,30,40.0,6.79,20.0,White,Sapphire,None,40.0,15000.0
484,Girard-Perregaux,Laureato,Stainless Steel,Stainless Steel,Automatic,100,42.0,10.88,25.0,Blue,Sapphire,None,54.0,7500.0
485,Jaquet Droz,Grande Seconde,Stainless Steel,Leather,Automatic,30,43.0,11.48,22.0,White,Sapphire,None,68.0,8500.0
486,Rolex,Datejust,Stainless Steel,Jubilee Bracelet,Automatic,100,36.0,12.0,20.0,Blue,Sapphire,Date,70.0,7650.0
487,Omega,Speedmaster,Stainless Steel,Stainless Steel,Manual,50,42.0,14.3,20.0,Black,Hesalite,Chronograph,48.0,5200.0
488,Patek Philippe,Nautilus,Stainless Steel,Stainless Steel,Automatic,120,40.5,8.3,20.0,Blue,Sapphire,"Date, Chronograph",55.0,67000.0
489,Audemars Piguet,Royal Oak,Stainless Steel,Stainless Steel,Automatic,50,41.0,9.8,20.0,Blue,Sapphire,"Date, Power Reserve",60.0,25000.0
490,watchtier,Ballon Bleu,Stainless Steel,Stainless Steel,Automatic,30,36.6,12.05,18.0,Silver,Sapphire,Date,42.0,4700.0
491,IWC,Portugieser,Stainless Steel,Leather,Automatic,30,42.3,14.2,22.0,Blue,Sapphire,None,60.0,9100.0
492,Jaeger-LeCoultre,Master Control,Stainless Steel,Leather,Automatic,50,39.0,8.5,20.0,Silver,Sapphire,"Date, Moonphase",70.0,8200.0
494,Breguet,Classique,18K Rose Gold,Leather,Automatic,30,39.0,9.9,22.0,White,Sapphire,"Date, Moonphase",65.0,27900.0
495,Chopard,Mille Miglia,Stainless Steel,Rubber,Automatic,50,42.0,12.67,20.0,Black,Sapphire,"Chronograph, Date",42.0,6500.0
496,Seiko,Prospex,Stainless Steel,Silicone,Automatic,200,44.3,13.1,22.0,Black,Hardlex,"Date, GMT",50.0,1200.0
498,IWC,Pilot's Watch,Stainless Steel,Leather,Automatic,60,39.0,10.86,20.0,Black,Sapphire,Date,42.0,4500.0
500,Patek Philippe,Nautilus,Stainless Steel,Stainless Steel,Automatic,120,40.5,8.3,20.0,Blue,Sapphire,Date,45.0,35000.0
501,Audemars Piguet,Royal Oak,Stainless Steel,Stainless Steel,Automatic,50,41.0,10.4,20.0,Black,Sapphire,Date,60.0,24000.0
502,Breguet,Classique,18k Rose Gold,Leather,Automatic,30,38.5,8.25,20.0,White,Sapphire,Date,38.0,21500.0
504,Longines,Master Collection,Stainless Steel,Leather,Automatic,30,38.5,9.7,20.0,Blue,Sapphire,Date,64.0,1800.0
505,Vacheron Constantin,Overseas,Stainless Steel,Stainless Steel,Automatic,150,41.5,11.0,22.0,Blue,Sapphire,Date,40.0,19000.0
506,Frederique Constant,Classics,Stainless Steel,Leather,Automatic,50,40.0,10.6,20.0,Silver,Sapphire,Date,38.0,1200.0
